Campaign,Ad group,Keyword,Match type,Status
本気ストレッチ検索キャンペーン,広告グループ 1,甲府上阿原 ストレッチ,Phrase,Enabled
本気ストレッチ検索キャンペーン,広告グループ 1,甲府 姿勢改善,Broad,Enabled
本気ストレッチ検索キャンペーン,広告グループ 1,甲府 姿勢矯正,Broad,Enabled
本気ストレッチ検索キャンペーン,広告グループ 1,姿勢診断 甲府,Broad,Enabled
本気ストレッチ検索キャンペーン,広告グループ 1,精密姿勢診断,Exact,Enabled
本気ストレッチ検索キャンペーン,広告グループ 1,甲府 可動域,Broad,Enabled
本気ストレッチ検索キャンペーン,広告グループ 1,可動域 改善,Phrase,Enabled
本気ストレッチ検索キャンペーン,広告グループ 1,深層筋 ストレッチ,Phrase,Enabled
本気ストレッチ検索キャンペーン,広告グループ 1,甲府 パーソナルストレッチ,Broad,Enabled
本気ストレッチ検索キャンペーン,広告グループ 1,甲府 プライベートストレッチ,Broad,Enabled
本気ストレッチ検索キャンペーン,広告グループ 1,甲府 女性トレーナー ストレッチ,Broad,Enabled
本気ストレッチ検索キャンペーン,広告グループ 1,マッサージ卒業,Phrase,Enabled
本気ストレッチ検索キャンペーン,広告グループ 1,ストレッチ 効果が出ない,Broad,Enabled
本気ストレッチ検索キャンペーン,広告グループ 1,甲府 ストレッチ 返金保証,Broad,Enabled
本気ストレッチ検索キャンペーン,広告グループ 1,ストレッチ 改善プログラム,Phrase,Enabled
